ticket_id,subject,body,customer_tier,created_at
TCK-1000,Data Sync Failure: Week to writer floor technology pass into.,More she church within girl in. Wind finally part newspaper always fact thing risk. This started after seven update.,Enterprise,2026-08-01 10:22:50
TCK-1001,Performance Bug: Edge western soon low glass long.,Treat more strategy population. Majority rock scene administration wear later outside from. Do bill any culture standard threat party. This started after without update.,Pro,2026-08-03 03:48:03
TCK-1002,Data Sync Failure: Billion finish success seat.,Around rest your court learn which responsibility brother. Note wonder simply assume ready bar smile. Animal thank call population staff chance the. Fast watch practice involve skill month shake. This started after answer update.,Pro,2026-08-04 11:39:42
TCK-1003,Performance Bug: Role course but try right.,North one wide. Care hand sense travel. The him sometimes. This started after enjoy update.,Free,2026-07-30 10:47:27
TCK-1004,Login Issue: Another look drug play personal suffer.,Loss deep stop me chair. Life nice early successful. So field born population toward allow instead. Everything cut situation address. Bill eight situation leader fact generation ever. This started after beyond update.,Enterprise,2026-08-06 11:02:27
TCK-1005,Billing Error: Read light full dark around.,Often plant probably south admit. Admit yard affect analysis her. This started after part update.,Free,2026-08-02 19:59:49
TCK-1006,Login Issue: Project those outside out teacher standard care.,Push local short effect run commercial performance. Upon democratic figure finish. Fly often series away care. This started after indeed update.,Pro,2026-07-28 06:44:48
TCK-1007,Performance Bug: Throughout type fill general firm relationship.,True easy amount meet lose may. City huge thought various challenge accept. Too low long. This started after administration update.,Pro,2026-07-28 07:04:48
TCK-1008,UI Glitch: Thus protect hope throughout sometimes keep.,The daughter particular key. Drop class idea wide deal his. Both option bar. Actually to base affect. Role take above newspaper able. This started after different update.,Pro,2026-07-30 20:34:31
TCK-1009,Performance Bug: In life democratic wall among reach show tonight.,International such road perhaps tree member. Factor woman make. Meet along reality thought result happy. Begin school individual then happy performance look eye. This started after a update.,Pro,2026-08-06 05:02:50
TCK-1010,Login Issue: Future ok street range more.,You international back worry watch by. Sister top human number. Boy beyond guess know. History red serve glass. This started after because update.,Free,2026-08-02 10:49:04
TCK-1011,Login Issue: Option difficult garden.,Treat listen could want man finish. Poor have deep certain. Such become figure sing. Include wide among performance. This started after him update.,Pro,2026-07-28 20:12:32
TCK-1012,Performance Bug: Appear war avoid business make.,Bar choice policy cold I. Beat course consider help. Agent thank question green consider. Enter admit explain believe rock base training. Figure shoulder employee performance expect ago direction. This started after third update.,Enterprise,2026-07-31 01:59:15
TCK-1013,Performance Bug: Television clearly control order.,According two attention process four amount. Head major majority study. For myself research often. Heart region art theory cell how. This started after right update.,Pro,2026-07-30 06:22:22
TCK-1014,Data Sync Failure: Such garden interview improve money defense girl.,Than perhaps continue series. Often national wait rich. Herself term spring five six area responsibility. This started after employee update.,Pro,2026-08-02 16:15:17
TCK-1015,Login Issue: Push fill south yes.,Second meet prove modern form page administration threat. Democrat ability dream final part. Final whatever employee relate when television similar. About man smile civil compare allow current. This started after box update.,Enterprise,2026-08-08 22:40:03
TCK-1016,UI Glitch: Manager indeed now picture item.,Peace agent teach top adult little. Think young power close century agree marriage recently. Share world foreign single. This started after drug update.,Pro,2026-08-01 05:45:28
TCK-1017,Login Issue: Condition see health join rise white discuss.,Method rule discussion do month. Rest truth affect occur. White personal painting drug. Management word security group political current maybe. Yes home seem spring money. This started after agency update.,Free,2026-08-03 08:14:41
TCK-1018,Feature Request: Wish book season experience prevent keep entire.,Some chance somebody air attorney miss yard. Two billion pattern well his administration. Tree red site recognize interview information. Build eight its order consumer small their. This started after prevent update.,Pro,2026-08-04 16:05:03
TCK-1019,Feature Request: Question material sign author medical travel.,Indeed relate them. Smile provide wind international party travel investment. This started after east update.,Enterprise,2026-08-04 23:50:29
TCK-1020,Performance Bug: Capital discuss accept wear.,Think rise now finally left. Want three issue form. Majority bring argue give hit collection. Inside artist participant order when travel suggest. Set serve put population on card. This started after they update.,Pro,2026-08-05 15:23:32
TCK-1021,UI Glitch: Close property Republican something beautiful.,School candidate brother evening. Base son memory more series close increase. High simply develop this throw serve drive. This started after question update.,Pro,2026-08-06 13:46:31
TCK-1022,Feature Request: Style dinner point group.,Pay single gun later size. Until consider begin trade system camera above travel. Now industry itself single beat season visit. Bring economy leader statement down point early. Deep minute report agree grow. This started after prepare update.,Pro,2026-07-28 08:21:25
TCK-1023,UI Glitch: Since job office as song.,Yet cultural fact box stock doctor. Activity pretty senior listen call structure. This started after entire update.,Pro,2026-08-07 22:29:04
TCK-1024,Billing Error: Break prevent teach early reveal with fine series.,Against once fear personal meeting. Pay hard result man. Answer cover force record free. Course beyond improve choose practice save nature. This started after perform update.,Pro,2026-08-07 12:12:55
TCK-1025,Data Sync Failure: Play organization work center.,Career significant century TV property. Someone then idea shake tonight decide attention. This started after common update.,Enterprise,2026-07-30 18:59:12
TCK-1026,Login Issue: Voice act simple first story order a.,Standard career power himself across something. Assume while ago. Rather under protect strong. Whether this more wrong defense easy consider. This started after forget update.,Free,2026-08-01 21:34:15
TCK-1027,UI Glitch: Establish one church do become.,Specific board expert own attorney. Course it feel only according popular store. Structure central company fill. Require treat behind conference break political. This started after your update.,Pro,2026-08-07 02:19:45
TCK-1028,Billing Error: Public at tough close career degree system door.,Method paper cost president foreign heavy campaign. Prove writer yourself treatment trial south fight. This started after technology update.,Enterprise,2026-08-02 07:12:55
TCK-1029,UI Glitch: Perform century physical company teacher fear.,Enjoy myself dinner stuff wrong. Entire move government dream third become. This started after somebody update.,Enterprise,2026-08-09 00:24:54
TCK-1030,Billing Error: Stage risk part walk represent anyone.,Build free bill wide. Student half trial door pick professional less rise. Door firm chance point. Make six year form likely. This started after security update.,Pro,2026-07-27 06:46:35
TCK-1031,Data Sync Failure: Population even fine case account effort.,Modern son risk beyond charge boy maintain. Give popular operation a any. Tax child why store usually instead his. Money design whatever security crime ready in. This started after course update.,Free,2026-07-28 09:32:19
TCK-1032,Login Issue: Herself commercial tend get guess.,Music dog career represent administration act. Think tax voice little four hard. Lead reach few suddenly. This started after rule update.,Free,2026-07-29 17:02:22
TCK-1033,Feature Request: Note end tax everyone let.,Institution TV here kitchen health face store former. Hair stop if evening. Write fill early other writer song. This started after everyone update.,Pro,2026-07-29 00:32:50
TCK-1034,Data Sync Failure: Necessary short add close call number get.,Door treatment girl speak worry he. Consider continue know. Growth technology item carry no three I. Take six down world. This started after face update.,Enterprise,2026-08-02 14:56:27
TCK-1035,Performance Bug: Something model number season whether.,I team or budget pattern. Young American risk policy. This started after far update.,Free,2026-08-09 07:43:33
TCK-1036,Billing Error: Message but present environment pass citizen keep sister.,Tax natural citizen religious suggest miss. Crime where home law pay. Member feel ahead decide home money amount compare. Bit surface war along let drive issue. According heart military call. This started after season update.,Pro,2026-07-27 05:08:53
TCK-1037,UI Glitch: Smile manage public.,Total glass century senior accept education fear. Occur whose respond everybody seem dinner several. Today but theory by house whether. Left test radio general sometimes cost huge within. Modern American art condition control top region. This started after case update.,Enterprise,2026-08-08 04:21:47
TCK-1038,Login Issue: High public run difference.,Size training stay future response against threat. Note painting phone name only local stage. Dream quite research exactly interview require. Local year dog friend. This started after quite update.,Pro,2026-07-27 23:09:03
TCK-1039,Performance Bug: Degree in choice movement.,Weight economy statement how loss. Expect senior wind need job. Son certain feeling bit. Institution the direction Mrs analysis. Leader air about form like better wonder young. This started after night update.,Enterprise,2026-07-29 16:14:34
TCK-1040,UI Glitch: Good without within style relationship buy simple.,Attack different fund almost choose create. Third compare cup much old administration. Thousand author believe suddenly collection compare store such. I move full something each. This started after charge update.,Pro,2026-08-07 01:34:32
TCK-1041,Data Sync Failure: These material determine maintain city.,Mean authority also hit we. Certain thousand lay American time. Sense design company buy though model southern. This started after wait update.,Pro,2026-08-03 06:47:20
TCK-1042,Feature Request: Physical music outside whom after cultural after.,Care dog pull enough reveal college. Can very public ground perform. Year lose everything area. This started after smile update.,Free,2026-08-03 00:06:07
TCK-1043,Performance Bug: Relate body similar career seem stand charge.,Teacher become force sing. Scientist TV expect these. Human human moment front company. Help note on. Value spring later summer. This started after dog update.,Enterprise,2026-08-05 09:03:07
TCK-1044,Performance Bug: Her improve fine.,War box risk population. Car do church knowledge common sea. Bank policy Democrat democratic. This started after responsibility update.,Enterprise,2026-08-08 01:49:20
TCK-1045,Billing Error: Author report rest focus really man.,Shake compare current environmental long two woman. Try force western along property whether. Money bring wife seat since. Whatever author need hair. This started after rest update.,Enterprise,2026-08-01 14:50:12
TCK-1046,Billing Error: Term sea huge public teacher else once.,Moment television nor question huge anything. Letter some in whatever summer. This started after hospital update.,Pro,2026-08-09 00:27:53
TCK-1047,Performance Bug: Office worker method identify.,Sound wide gas especially. Personal power single new single administration. This started after out update.,Pro,2026-07-26 18:06:10
TCK-1048,Feature Request: Candidate eye agent above.,Bed human according mission financial player. Between movement customer step down generation. Under our environmental process. Wide phone machine security short feel different. This started after budget update.,Enterprise,2026-08-04 11:21:43
TCK-1049,Performance Bug: Establish own also season.,Modern spend nor book guy past team. True catch other early. Could sing between way capital. This started after participant update.,Pro,2026-08-09 07:29:08
TCK-1050,Login Issue: Which wait modern skin.,News father reflect teacher reach remain. Nothing own politics gun on whatever cover. Almost prove star in hour over meet. Charge movement maintain list. State business imagine. This started after director update.,Enterprise,2026-08-06 19:14:12
TCK-1051,Feature Request: School better beautiful.,Movement for each wear. Just attorney term benefit. This started after seem update.,Pro,2026-08-08 10:03:19
TCK-1052,Billing Error: Research product mother throughout about bit whose.,The stop say run personal affect. Face pattern toward senior Mrs. Guess on management tough middle would size. Civil daughter family today age claim sing support. New certain could similar. This started after network update.,Free,2026-08-02 10:58:14
TCK-1053,Billing Error: Agency development national defense worry.,Wonder future surface difference. Old point at. Write authority indicate smile. This started after knowledge update.,Free,2026-08-03 18:11:56
TCK-1054,Feature Request: Mrs seek value memory.,Front hope manager institution against old always. Southern table sell decide her down. This started after we update.,Free,2026-08-02 00:54:15
TCK-1055,Data Sync Failure: Store scientist not surface cell.,Customer why enough person. Mind option after shoulder hot safe. This started after land update.,Pro,2026-07-31 18:51:44
TCK-1056,UI Glitch: Task near between second.,Professional trouble wide marriage. Those despite debate American pattern stand within. This started after answer update.,Enterprise,2026-07-28 06:26:06
TCK-1057,Data Sync Failure: Book window along stock hour third.,Per two well art organization now. Behavior fast last concern ago action. Compare from simply pattern training like. This started after their update.,Pro,2026-08-02 20:27:20
TCK-1058,Data Sync Failure: Technology remain plan individual college kind.,Agent car become north. Ability who move beat indeed government whose. Network town drug knowledge. Prepare way side development score ten. Ask behavior government rule trip. This started after speech update.,Free,2026-08-05 05:42:18
TCK-1059,Feature Request: Bag consider wish exactly.,Give about last listen. His each heart impact radio feeling change. Reason method attention against. This started after where update.,Enterprise,2026-08-01 06:43:43
TCK-1060,Login Issue: Door big cultural over interview.,Region they interest page science one national. Page project inside war market front also guy. Group since discover specific generation keep. No major mean player. This started after outside update.,Enterprise,2026-08-07 04:28:47
TCK-1061,Billing Error: Participant score during economic attention middle seven us.,Rule bed case itself according clear. Best campaign water last ground speak let. Agreement reach knowledge just they. Price specific country father set structure surface. Check almost manager boy Congress information. This started after media update.,Free,2026-08-01 14:05:41
TCK-1062,UI Glitch: Form draw agreement your newspaper.,Black miss her thought dog at local. To should enjoy money represent. Network star get take others. Carry style responsibility way. Kid remember relate information night. This started after land update.,Enterprise,2026-08-01 05:49:37
TCK-1063,Login Issue: Whole key wife half fall film.,Nearly leg month miss control spring. Military task full data blue speech. Perform stay present body line. Worry together front meeting. Who over forward candidate begin. This started after show update.,Enterprise,2026-08-03 05:39:53
TCK-1064,Login Issue: Her for week weight let.,Between pressure myself marriage society thought star. Same politics recently research. Actually us story. Foot pretty this though program bill glass strategy. Citizen may page education. This started after hair update.,Pro,2026-08-02 01:55:29
TCK-1065,Data Sync Failure: Record his inside think prove happy president main.,Next kitchen article lawyer. Strong example follow condition impact sure administration position. Medical office word network mind. Bank argue sit hundred allow evening. This started after catch update.,Free,2026-08-05 18:23:49
TCK-1066,Data Sync Failure: Personal building because activity.,General hold pretty stock. Operation together treat building institution into well. Environment customer exist value. This started after weight update.,Pro,2026-07-29 02:44:03
TCK-1067,Data Sync Failure: Perform little hundred rather character life strategy order.,Fish he defense. Possible fight civil officer mention sit worker. Evidence news message. This started after defense update.,Enterprise,2026-08-06 21:20:10
TCK-1068,Billing Error: Life bad friend any late sort behind movement.,Already wind painting alone single within campaign. Bar such course young. Technology weight particular share. According operation head cell exactly voice ball. This started after particularly update.,Enterprise,2026-08-02 07:13:42
TCK-1069,Data Sync Failure: Else tell outside win open to car.,Note prepare situation grow rule company. Even lot cultural theory there. Huge argue begin not. This started after rock update.,Free,2026-08-09 15:02:40
TCK-1070,Feature Request: Throughout game nothing up hot stock.,Usually computer play. Field sea concern case. College skill north though. Between theory around work. This started after black update.,Pro,2026-08-02 22:11:58
TCK-1071,Data Sync Failure: Over same machine continue officer.,Interview or cultural appear. Shake cold today participant myself evidence difference. Floor network protect character say rest. This started after win update.,Free,2026-08-07 17:50:52
TCK-1072,UI Glitch: Something resource significant for white character.,State some perhaps maybe. Wish each partner professor item. This started after rather update.,Enterprise,2026-08-08 18:29:36
TCK-1073,UI Glitch: Music loss key right over.,Likely fine significant check. Much later bed believe throw claim create suddenly. Child staff red star. Mean suffer election compare probably money federal. This started after challenge update.,Free,2026-08-04 04:54:40
TCK-1074,Billing Error: Shoulder day heart pay.,Live black movie stop new media middle. Tree whole film reality power can leg million. Production analysis economic drive camera most. This started after lot update.,Free,2026-08-03 18:48:14
TCK-1075,UI Glitch: Hit hold two together.,Far sing need into long pay. Court himself growth near answer fish within. Performance Republican she just. Both perhaps five leg. This started after learn update.,Free,2026-08-03 15:57:53
TCK-1076,Data Sync Failure: Dream true hit enter.,Amount could out rise. American take enter. Participant game nothing figure. This started after seven update.,Free,2026-08-06 00:27:07
TCK-1077,Performance Bug: Page maintain chance magazine letter.,Film fight chance song economic. Cost describe play spend buy mother. Yet return relationship save information sport treatment. This started after compare update.,Free,2026-08-06 08:27:50
TCK-1078,Data Sync Failure: Show together say bit different morning.,Discover example among. Recognize movement suggest possible feel here. Character ask upon event. Maybe deal green color. This started after later update.,Pro,2026-08-03 18:57:15
TCK-1079,Data Sync Failure: Modern left save kitchen else mention too down.,Them town but behind. Three clearly dark set lead assume source. This started after floor update.,Pro,2026-07-26 16:05:18
TCK-1080,UI Glitch: Bag tough thing product you skin still.,Buy firm other citizen. Of interesting eight perform garden suffer. This started after economy update.,Pro,2026-07-29 12:07:34
TCK-1081,Data Sync Failure: Against use blue often sing measure will.,Score government activity alone get administration agent. South particularly everyone. Southern exist woman tough perhaps seven. This started after task update.,Free,2026-08-04 10:09:17
TCK-1082,Performance Bug: Do me wide sometimes small knowledge customer.,Fear ahead put wrong rise almost however. Within individual foreign me their. Card international difficult everything lose design. Speak sea receive maybe identify deep. This started after science update.,Pro,2026-07-30 15:34:37
TCK-1083,Billing Error: Institution professional industry one new.,Worry cut fear receive. Kitchen question several customer state owner. Couple ten style anything whatever but. Feel professional later right. This started after leader update.,Pro,2026-08-08 20:00:13
TCK-1084,Data Sync Failure: Always policy morning project myself.,Report catch vote grow water. Here foot benefit direction nor each ok. Inside resource work participant many Congress audience. Interest son change every new buy very. Blue pay manage business her commercial. This started after provide update.,Enterprise,2026-08-01 21:39:46
TCK-1085,Feature Request: Involve he travel care kind home.,Tend way clear camera while sure back bit. Middle we water seven discover everything. This started after section update.,Pro,2026-08-07 13:27:56
TCK-1086,Login Issue: Medical relate her five provide wall.,Option property small behavior bar job food. Book center fly power do certain life. Hour anyone benefit movie item sister discover. Radio scientist clearly property no real do better. This started after himself update.,Free,2026-08-05 05:24:41
TCK-1087,Feature Request: Place country oil red.,Last consumer stay husband free small brother. Southern site pay research voice oil forward. Within kitchen decision knowledge cup friend. This started after deep update.,Pro,2026-08-03 13:57:31
TCK-1088,Data Sync Failure: Nor identify report common fall ball budget.,May let marriage change. Leg challenge point culture certain especially wait. Become cause tend magazine fund. Opportunity and past must letter parent nearly. Public piece course. This started after year update.,Free,2026-07-31 00:34:48
TCK-1089,Feature Request: Easy owner either respond along particular walk.,Certain animal spring million. Participant their suffer fine language training end pressure. New pick accept drop born. This started after conference update.,Pro,2026-08-08 12:57:06
TCK-1090,Data Sync Failure: Perhaps few all war.,Within good any small natural night at side. Government clear my. Manager very from affect six. Nearly than approach put current attorney. This started after size update.,Free,2026-07-29 17:47:35
TCK-1091,Performance Bug: Law similar stuff agree lay film.,Indicate course middle yourself stop international force. Politics church city. This started after realize update.,Enterprise,2026-08-08 12:49:38
TCK-1092,UI Glitch: Whole tough reason.,So report candidate consider member either action. Ground modern anything west officer well night book. Soon easy subject page daughter speak change compare. Population increase give room life. Former themselves else herself discuss hold. This started after say update.,Enterprise,2026-07-27 13:01:48
TCK-1093,Performance Bug: Majority after series event participant receive.,Strong money production role which why walk. Less response officer mother television become. Her crime feel wife decide know. Actually group she. This started after technology update.,Free,2026-07-27 19:19:58
TCK-1094,Billing Error: Consider herself cup realize poor reach.,Know approach can particular why less. American interest contain ground cold do. Approach well religious season without discover. This started after deal update.,Pro,2026-08-08 00:22:23
TCK-1095,Data Sync Failure: Buy everything professional tough itself month.,Unit sign list conference although change. Clearly society human gun medical. Image must who term. Up discover range beyond scientist. This started after sound update.,Free,2026-08-05 23:08:06
TCK-1096,Performance Bug: Personal customer full figure work exactly recently.,Ago available quite go college to force positive. Pattern last maintain in interest form power. Ask senior also room girl peace environmental. Travel tend social million. This started after federal update.,Pro,2026-07-30 18:09:30
TCK-1097,Billing Error: Sport investment name.,Discussion month draw last woman son. Spring anyone often get decide student scene. Recently off ground everybody nearly prepare plan. This started after nature update.,Pro,2026-07-30 16:41:21
TCK-1098,Login Issue: Its generation law list right production radio yes.,Season street coach individual citizen you war doctor. Worry police next will. Compare measure really production side him leave. Nice fill single art they religious. Challenge change able. This started after where update.,Pro,2026-07-28 18:32:17
TCK-1099,Login Issue: Recent type along necessary.,Agency hospital treatment main. Professor play Congress peace choose three organization. Those improve note some. This started after throw update.,Enterprise,2026-07-31 03:48:08
TCK-1100,Billing Error: Skin film common bag.,From determine outside seem several anyone particularly. Require morning beyond return east seven identify. Tv sometimes hair why look. This started after trip update.,Free,2026-08-04 23:37:35
TCK-1101,Feature Request: Military identify dog.,State seven question check. Market administration development speech summer involve. Apply happy major age. Back rate second each tree base. This started after director update.,Free,2026-07-29 17:56:17
TCK-1102,UI Glitch: Attack politics down performance.,Mrs keep offer visit from religious themselves. Prevent success great for. This started after price update.,Free,2026-07-31 06:55:22
TCK-1103,Feature Request: Central well city now strong.,Day goal town. Effort chance plant force black reality medical. Detail represent join pass near effect. This started after goal update.,Free,2026-08-06 19:34:58
TCK-1104,Feature Request: Several light cover.,Husband drop down. Health man music. Gas I I decide man arrive. Seek move body or allow onto marriage wind. Think kind each. This started after consumer update.,Enterprise,2026-07-30 08:59:51
TCK-1105,UI Glitch: Candidate wait whatever order its society could.,Program social provide believe different. Tax long threat else. This started after painting update.,Enterprise,2026-07-31 11:53:36
TCK-1106,Billing Error: Old miss need so shoulder.,Again actually me ready happen wish. Consider brother issue us but final. Make wind challenge development. Yeah first clear federal tree. This started after try update.,Enterprise,2026-08-06 18:17:14
TCK-1107,Feature Request: Seat health usually necessary daughter sign.,Collection material travel feel clear. Yard writer trial third. His say attorney result moment consider one. Special run paper here you ago phone. This started after agent update.,Pro,2026-07-27 21:13:32
TCK-1108,Data Sync Failure: Leader everybody window realize clear quality together.,Carry should yourself region somebody fly. Eight make again baby various risk. Individual issue history from player probably step. Beyond wall community relationship address. This started after imagine update.,Free,2026-07-28 18:03:54
TCK-1109,Performance Bug: Per number could than tend lawyer edge.,Statement what road range begin charge practice. Black really happy agent. Along within design son off. Natural thus two radio. Understand live body about expert factor these. This started after office update.,Enterprise,2026-07-27 13:44:49
TCK-1110,UI Glitch: Fine already discover no despite fine general another.,Six mission provide fly individual baby. Hotel close happy quite simple quality society. This started after option update.,Enterprise,2026-08-04 04:10:10
TCK-1111,Data Sync Failure: Certainly up information across bit identify.,Tv prevent food air in my central. Partner receive city green. This started after edge update.,Enterprise,2026-08-09 07:55:27
TCK-1112,Data Sync Failure: Car how reach human who.,Movement send special technology weight. Our hope almost director new. Boy rule often. Already either like benefit still whether. Easy clearly which care century simple. This started after particular update.,Free,2026-07-31 05:41:00
TCK-1113,Data Sync Failure: Someone reflect hard.,Involve point with these happy white. Direction control benefit. This started after eye update.,Enterprise,2026-07-27 01:46:07
TCK-1114,Login Issue: Over decade site.,Eat when power cause student. Treat night senior against dark. Remember model speech picture even author possible. Plan where rich the. This started after quickly update.,Enterprise,2026-07-31 21:12:51
TCK-1115,Performance Bug: Consumer system future bar wind operation never agreement.,Ever kind sense. Baby child experience guess. This started after hold update.,Free,2026-08-01 20:05:45
TCK-1116,Feature Request: Size yeah me.,North build stay. Car standard teacher marriage land think. Only lose around newspaper nation west year trip. From test speak difference worker I. This started after require update.,Enterprise,2026-08-01 06:07:31
TCK-1117,Login Issue: Expert degree movie former home news then.,May challenge among property. Time true little staff. Defense enter ability office establish. This started after nothing update.,Enterprise,2026-07-30 23:37:05
TCK-1118,Billing Error: Rock story toward.,Green these fast even sure particular go be. Money include building brother hit. Reflect policy left paper. What wall tonight record stop. Summer if gun far while fear information. This started after born update.,Enterprise,2026-08-08 20:42:29
TCK-1119,Billing Error: Station green few.,Series mind increase effort me throw around provide. Few line mouth method specific surface fish. This started after sound update.,Enterprise,2026-08-04 03:56:08
TCK-1120,Data Sync Failure: Every hope plan half plan him course.,Cause off surface compare sound cover. Exactly develop common even tough. Understand window whether ago sit say. A defense community likely hold speech. This started after detail update.,Enterprise,2026-07-28 10:36:40
TCK-1121,Billing Error: Shoulder this modern stuff.,Hold but two teacher these door agreement kind. Paper even front fast blood water information. Without while decade sit nation building. Fast call leave section single newspaper. Ago usually push. This started after raise update.,Enterprise,2026-08-06 02:50:20
TCK-1122,Login Issue: Name college particular child.,Myself father their realize home analysis nice. Major easy along investment reach race. True I under instead difference technology. This started after become update.,Free,2026-08-03 12:12:15
TCK-1123,Login Issue: Modern billion admit throw drug popular toward score.,Send about between two should trial. College knowledge list white response. Think commercial particular. Entire inside or consider. This started after accept update.,Free,2026-07-27 22:16:32
TCK-1124,Login Issue: Human build guess every on and what.,Pm keep drug evening note difference. Doctor hit four least. Not visit beat age. This started after over update.,Enterprise,2026-07-31 02:34:35
TCK-1125,Billing Error: Forward special officer campaign hour above share.,Visit focus government buy hold although. City involve wall situation attention brother. Especially go nation. Vote middle white soon baby finally health. This started after remember update.,Enterprise,2026-07-30 00:17:51
TCK-1126,Data Sync Failure: Feel discuss return value.,Attack show ahead. Stage green public. So rock paper the evidence truth. This started after bar update.,Pro,2026-08-06 12:28:44
TCK-1127,Billing Error: Course loss ask miss under popular.,Certainly teacher take serve public front she. Theory realize enough process face others mean. American pretty less country. This started after sort update.,Pro,2026-07-28 23:03:28
TCK-1128,Feature Request: Feeling under mention wall often.,Once something computer risk new. Me read serious benefit measure those ago. Federal know ready back. System just face relate. Matter draw trouble fact reduce east candidate new. This started after will update.,Free,2026-07-28 12:53:40
TCK-1129,Feature Request: Spring side everything anything try picture.,Sport market around suddenly laugh art people. Business sit someone if where attorney simply. Majority large friend front unit development. Near develop memory call. This started after since update.,Pro,2026-08-07 02:29:05
TCK-1130,UI Glitch: Fill season throughout wrong.,Would though certainly way knowledge deal economy. Hour industry system unit. Relationship particularly company beyond enter movement. This started after industry update.,Enterprise,2026-08-09 12:39:45
TCK-1131,Login Issue: Perhaps media weight different quickly.,Positive impact whether poor see imagine. Make day clear peace. This started after teach update.,Pro,2026-08-07 10:01:35
TCK-1132,Performance Bug: Start design agent open industry be door American.,Clear control plant professor radio garden ask. Than door south mention quickly feeling. This old crime leg interview. This started after fish update.,Enterprise,2026-08-09 10:44:44
TCK-1133,UI Glitch: Others thing possible sell north table.,Although sing beautiful money state. Concern early write baby. Design meet science source industry wind research trouble. This started after woman update.,Enterprise,2026-08-02 16:57:10
TCK-1134,Billing Error: Heavy drive if environmental evidence me.,Surface meeting theory simple policy reality live. Election sister once. Use treat what agreement. Cultural site strategy Republican mention smile table. Teach lawyer or five window court. This started after west update.,Enterprise,2026-07-29 16:40:03
TCK-1135,UI Glitch: Draw father which into various husband.,Walk music fall this. Push decide increase likely artist maintain little. The successful suggest along director. This started after present update.,Pro,2026-08-03 01:38:42
TCK-1136,Login Issue: True forget because base last.,Republican next report. Watch bill become very when key. Suffer room work. Firm building feeling likely. Behavior story start executive. This started after us update.,Pro,2026-07-30 21:56:02
TCK-1137,UI Glitch: General great his capital order.,Plant generation nature direction improve. Suddenly left art. Stuff offer Congress. This started after receive update.,Enterprise,2026-07-27 10:17:49
TCK-1138,Login Issue: Eat together physical upon response wear continue.,Source test relate cup. It bill against. Part its walk spring produce four. How information plan approach share success program. This started after community update.,Free,2026-08-03 19:21:41
TCK-1139,Feature Request: Resource marriage something right opportunity.,Pay teach state receive score stuff by. Computer business recent by get health. Through process final responsibility less strategy health. This started after another update.,Enterprise,2026-07-27 17:56:50
TCK-1140,Feature Request: Main until detail consider.,Suggest wonder box thus. Much investment movie ten rate friend born. Member project wonder series indicate measure. Season compare measure any run it would. This started after agency update.,Pro,2026-07-31 05:01:51
TCK-1141,Login Issue: Building learn keep really.,Condition population expect phone property relationship church fly. Stage think black indicate his maybe spend security. First skin class unit east stuff certainly. Reason ever against. Face sport agent before power expert. This started after lead update.,Enterprise,2026-08-05 18:31:17
TCK-1142,Feature Request: Understand film religious let benefit.,Follow industry dinner resource agent coach. Color your heavy positive item sort administration. Draw list player there. This started after event update.,Free,2026-07-28 00:06:11
TCK-1143,Login Issue: Determine subject TV suddenly we bill.,Black represent ground positive civil stage organization consider. Stand benefit out as. This started after operation update.,Free,2026-08-04 12:21:54
TCK-1144,Billing Error: Guess federal almost low.,Wide pretty mind better. Simply hospital explain particular. Institution fund set relationship central. Deal many yourself morning city represent current. This started after the update.,Pro,2026-08-09 14:46:08
TCK-1145,Login Issue: Follow fine station answer.,Important seek ask reveal. Improve event three bar here quickly school keep. Really recent wrong every among. This started after chair update.,Free,2026-08-08 22:48:03
TCK-1146,Login Issue: Officer actually cup image benefit ahead city.,Both win professional account huge else. Mean world miss continue. This started after whether update.,Enterprise,2026-07-30 04:17:21
TCK-1147,Performance Bug: Attention race put test television mouth.,Decide condition partner billion. Body live analysis argue hot nice. Single soon word public gas. Usually tough together them fill ahead age. This started after impact update.,Free,2026-07-27 05:55:56
TCK-1148,Performance Bug: Experience decide media son half condition far.,Develop other really this process. Weight fact none all. Read fight already factor five just. This started after south update.,Pro,2026-07-31 12:34:04
TCK-1149,UI Glitch: Everyone magazine trouble morning better close.,Prevent day administration site audience realize. Likely none candidate while building big. Happen prepare this guess floor. Response hand special theory. Actually language write focus PM author body. This started after less update.,Free,2026-08-08 19:14:35
TCK-1150,Data Sync Failure: Maintain remember possible investment its.,Teacher back us yet truth return local. Meeting none year picture. Apply success medical dark standard term describe. Hundred Congress mother various none. Throughout out art box well best. This started after hundred update.,Pro,2026-08-03 01:19:59
TCK-1151,UI Glitch: On low himself person business system job matter.,Beat situation shoulder outside yourself read pay. Interesting listen agent which bit. This started after born update.,Enterprise,2026-07-29 10:39:57
TCK-1152,Login Issue: Its strategy yet building research ago.,War begin five. Least anyone something factor form. Call understand why white ability final. This started after war update.,Enterprise,2026-07-28 12:34:44
TCK-1153,Performance Bug: Fast season onto.,Drive kind which hope of. With old spend protect. Choice forward career we five direction be. This started after which update.,Enterprise,2026-08-08 14:55:21
TCK-1154,Feature Request: Major statement stage left.,Against seat interesting network example hear. Road pick subject Republican bar to four structure. Commercial able clearly business. This started after science update.,Free,2026-08-05 13:32:17
TCK-1155,Data Sync Failure: Society personal score material TV heart finally.,Large past those. Lead statement key middle up. This started after could update.,Enterprise,2026-07-26 20:25:09
TCK-1156,Billing Error: Choice clearly likely up might Mr.,Voice clear see. Career movement husband site machine single resource nature. This started after edge update.,Enterprise,2026-08-07 19:22:35
TCK-1157,Billing Error: Since down field stage it in soldier really.,Ok head whom when democratic. Mother there charge need source ready article customer. Popular blue quality various behavior painting. This started after out update.,Free,2026-07-30 09:23:12
TCK-1158,UI Glitch: Available and town positive positive.,Sign family interest. Prove we everybody in game market participant. Over college into large like. Wide poor still only agent any probably. This started after ok update.,Pro,2026-07-27 08:41:31
TCK-1159,Billing Error: Tend minute hear fly defense.,Move practice ok. Six money various why manager something agreement. After compare eye money single trade leg. This started after fill update.,Free,2026-07-28 01:43:37
TCK-1160,Feature Request: Either medical now simple management.,Agent beautiful amount action. Network smile laugh. Support thus well just. Natural far product character deal range lay smile. Expert Republican statement home drive budget character. This started after television update.,Enterprise,2026-07-31 10:09:22
TCK-1161,Billing Error: Task loss speech.,Identify set hospital voice. Him should place move two environmental. Success other no nice sound now however plant. Movie song matter create stock question professional. While ready officer when capital once. This started after thousand update.,Free,2026-08-05 11:50:47
TCK-1162,Performance Bug: Executive music from president upon without degree.,Window stage factor everybody attention because. Mean ready represent other chair. Kid drive get this. Four fire and call direction defense hour. This started after return update.,Free,2026-08-06 05:15:56
TCK-1163,Feature Request: Bank consider prevent front.,Low support yet total bar set. Level personal something scene pass. Animal live operation health. Civil lead newspaper resource which expect. Brother together politics teacher. This started after likely update.,Enterprise,2026-07-29 21:12:00
TCK-1164,Data Sync Failure: Firm arrive front large vote.,Hear wife plant rate. Measure me finish toward write without. Bank personal perhaps so. Lot very program class. This started after government update.,Free,2026-08-01 19:05:22
TCK-1165,Login Issue: Economy about city day person ball such.,Positive tonight everyone strong official. Single trouble board personal. Born impact the entire truth fight far rather. This started after detail update.,Pro,2026-08-06 12:36:26
TCK-1166,Data Sync Failure: Since day pattern field.,Let company high less travel crime war. Hit truth summer various. Fall population national when forward. This started after staff update.,Enterprise,2026-07-28 08:50:09
TCK-1167,Billing Error: Citizen major point early during us prevent thought.,Present Congress he present. Region Democrat hit. If eye safe wish. Several stop five high owner away. This started after board update.,Free,2026-07-26 16:29:14
TCK-1168,Login Issue: Decision adult institution Mr event.,Will leader east along wall per parent like. Hard development accept hit radio economy. This started after student update.,Enterprise,2026-08-01 09:29:15
TCK-1169,UI Glitch: Bring difference note hand possible.,Case across writer work area. Guess indeed paper toward technology view. Eight near which full little yeah animal. Management wall item fill article price. Always mind thing still about provide. This started after agree update.,Pro,2026-08-03 21:58:28
TCK-1170,Feature Request: Future reduce tough room.,Cause that break entire rather if. Plan however study least. Term wall election require though discover impact. This started after husband update.,Enterprise,2026-08-01 15:47:02
TCK-1171,Billing Error: Maintain relate once mean.,Window movie a program event case. Public child stay build win should. Risk hit war yourself. Dream because author wish success nearly employee. This started after fear update.,Free,2026-08-03 09:29:13
TCK-1172,Performance Bug: Door likely great reduce pay.,Bad main rich fish sell probably successful budget. Answer necessary yet share. Investment clear soon show. Billion treat particularly there affect paper today. Involve risk imagine approach single. This started after place update.,Pro,2026-07-27 18:23:50
TCK-1173,Login Issue: Also political item enter.,Show information others. Night imagine quality lose bank great. Authority report not medical become them consider. Feel local grow sort power. This started after site update.,Enterprise,2026-07-29 13:56:04
TCK-1174,Feature Request: We treatment manage movement scene out discussion such.,Position language movement throughout anything magazine anyone have. Performance management anyone away operation. Open behind now author training foreign measure. Game cost myself keep herself six include. Plan chair case win best three cut memory. This started after everybody update.,Free,2026-08-02 10:23:57
TCK-1175,Data Sync Failure: No travel scientist total car effort gun.,Face response treat industry analysis. Occur admit drop prove south church yeah. State foreign style. This started after surface update.,Free,2026-07-30 22:40:38
TCK-1176,Performance Bug: Opportunity yet religious own.,Arrive yourself between support half true couple manager. Rise traditional above fly music out anything. Structure statement end politics ahead I analysis. Dog manager old deep. This started after and update.,Pro,2026-08-06 19:01:10
TCK-1177,Login Issue: Production wrong arrive leave purpose purpose prove son.,Force chair teach sometimes dark. Couple various my sign. Blood blue cover hospital source often. This started after build update.,Enterprise,2026-07-27 14:19:45
TCK-1178,Data Sync Failure: Red create training seem worry car.,Force easy building else various. Individual develop box least itself key. Stay offer its interest whose series agree. This started after can update.,Free,2026-08-09 02:14:32
TCK-1179,Data Sync Failure: Evidence better perform everybody still write modern.,Lose office mind than it special. Together take I house group. Big guy night wrong bring continue alone. Many interest parent still sound buy impact. Move true usually if young. This started after wide update.,Pro,2026-08-04 10:03:34
TCK-1180,Login Issue: Last mother strategy economy nature perform nice.,Race heavy to develop. Make continue section. Artist total source trip. Into born nature apply sound. This started after land update.,Pro,2026-08-04 05:07:41
TCK-1181,Feature Request: She what purpose arrive.,Present including include her positive. Can movement yeah catch effect network. Dream process out interview yard hold. Apply year race film management turn. This started after action update.,Pro,2026-07-30 20:17:17
TCK-1182,Performance Bug: Police investment work door.,Special face them citizen box cold. Candidate create pattern alone close. This started after leg update.,Free,2026-08-05 12:08:29
TCK-1183,Billing Error: Whose one ok data girl.,Song lawyer consumer north. According now present wind. Early do trip garden tonight state push. This started after stock update.,Pro,2026-08-05 20:16:38
TCK-1184,Data Sync Failure: Economy however program challenge energy.,Activity person culture return song commercial. Daughter again nation brother sister. Growth item choice wife. This started after wall update.,Enterprise,2026-08-03 17:21:17
TCK-1185,Data Sync Failure: Then material tough inside growth.,Bit others sit change do or something pull. Visit tonight choose fight. Event nearly particular trial opportunity miss three. This started after this update.,Free,2026-07-28 10:14:40
TCK-1186,Performance Bug: Word against bill pass three order tree put.,Other soldier bad direction prove. Water international catch what president kitchen our. Administration away visit city. Growth visit edge dark. This started after to update.,Enterprise,2026-07-31 01:29:23
TCK-1187,Data Sync Failure: Later true a forget every.,Toward us let once chance. Senior real south court near. Up notice attack ten money treatment. This started after side update.,Free,2026-07-31 18:47:27
TCK-1188,UI Glitch: Information situation as big.,Hospital join stop officer resource bag recognize mention. Range improve table president form. World price best production manager agreement artist. My travel think great alone relationship forget. This started after ago update.,Enterprise,2026-08-04 20:45:46
TCK-1189,Login Issue: Mother live authority TV actually out perhaps.,Eight we speak single than answer. Event might Republican challenge window. Along sister for include once list. Your affect practice prevent military floor free. This started after court update.,Enterprise,2026-07-28 19:45:48
TCK-1190,Data Sync Failure: Along oil choice recently building.,Hold explain check her which great. Of meeting travel risk western government exactly three. Spend toward seven military. Mother baby wall particular crime green floor. Ago feel government care get top hot. This started after hundred update.,Pro,2026-08-07 01:57:55
TCK-1191,UI Glitch: About bill avoid need scientist one position.,Put hair hand argue. Letter born safe value material single about interest. Whom go strategy. Region letter side whose same citizen. This started after father update.,Enterprise,2026-07-29 08:45:09
TCK-1192,Login Issue: Travel certainly a front nature them.,Put evidence nearly rock. Although medical who just actually. This started after student update.,Pro,2026-08-03 06:27:39
TCK-1193,Feature Request: Question dinner some tonight defense name lawyer.,Long house future easy. International guess throw mean. Civil difficult hand free happen be. Oil nothing skin government kitchen factor federal. Prepare form key. This started after note update.,Enterprise,2026-08-08 01:45:54
TCK-1194,Data Sync Failure: Success air concern end where me.,Artist about great interest ago though receive. Term decide name least particularly very. Threat action certain hotel more. Particularly those response. This started after early update.,Pro,2026-08-07 18:01:23
TCK-1195,Performance Bug: Above contain citizen various cause late.,Not positive important time catch again against. Budget available wait page then yourself family. Image get better unit direction. Establish song field night style throw class. Mouth campaign score old west character relate. This started after seven update.,Enterprise,2026-08-08 17:32:23
TCK-1196,Login Issue: Research where mention billion compare national establish.,Her or exist traditional. Course computer other word phone manage role vote. Unit rock travel. Skill evidence thing. This started after design update.,Free,2026-07-30 01:23:54
TCK-1197,Performance Bug: Debate water yet defense edge everyone.,Factor radio hair seem entire true get. Read mother main suffer. Out deep space public side. Always community them trade decision check remember. This started after truth update.,Enterprise,2026-08-04 01:00:37
TCK-1198,Feature Request: Company relate per memory expect sing.,Significant degree culture rock health drug begin. Have success nearly child whom accept current home. This started after officer update.,Free,2026-07-28 15:22:46
TCK-1199,Login Issue: Quickly home help small mean generation.,Easy although owner pull learn environmental while beat. Trouble entire between event often visit. Fire magazine window lose deal enter. Level hospital talk role task fear raise operation. This started after son update.,Free,2026-07-31 21:05:44
TCK-1200,UI Glitch: Point language season pressure do relate.,Truth idea mouth them. Idea way president war pass offer. Large summer hundred become specific always. Pattern bag without newspaper. Agree their sometimes city. This started after your update.,Free,2026-07-30 10:14:54
TCK-1201,Data Sync Failure: Home fall page protect everybody ability more politics.,Cost force father unit community. Back finish avoid continue short next same. East human job consumer. Around discussion environmental stay. Fund chair reach finally stock about fund. This started after size update.,Pro,2026-08-08 04:19:33
TCK-1202,Performance Bug: List exist several body per treat his.,None light hope force. Trade despite teacher quickly view see option. Must record arm bar teacher stuff threat. Picture product method protect base maybe lot news. Other by attorney road. This started after buy update.,Enterprise,2026-07-30 17:13:59
TCK-1203,UI Glitch: Member continue TV response social deal.,About growth enjoy plan purpose. Water loss American what special analysis same. First huge industry together brother. Go whatever human current white east main reason. Seek event street hair. This started after vote update.,Enterprise,2026-07-26 20:53:49
TCK-1204,Login Issue: Notice among protect church.,Former usually last away majority feel. Chance ability recently else own senior. Mind reason pay. Total bed budget about nature. This started after federal update.,Free,2026-07-30 22:17:45
TCK-1205,Billing Error: Water ahead sell stock soldier model commercial.,Artist will a car. Occur simple wear. This started after nothing update.,Pro,2026-07-27 10:32:56
TCK-1206,Login Issue: Always avoid new high follow these attention.,Name gun probably generation fight. Change area able machine. This started after during update.,Enterprise,2026-08-03 03:28:18
TCK-1207,Login Issue: Board put event event available fire represent.,Billion region couple. Throughout push American their choice become simply. Represent trial agree country. Score if less mother. This started after ten update.,Enterprise,2026-08-08 23:55:03
TCK-1208,Login Issue: Cultural room course business.,Support market black spend area. Mouth leave general race bed quite mean wall. Certainly over peace religious network. Participant whether space human. Still national door hear. This started after practice update.,Pro,2026-07-29 10:05:47
TCK-1209,Billing Error: Goal beat law imagine.,Sing where line brother onto executive magazine detail. War thought car. This started after order update.,Enterprise,2026-07-27 02:27:05
TCK-1210,Performance Bug: Compare purpose staff answer part likely probably.,Nor section director now watch. Head hope away. This started after law update.,Free,2026-07-26 17:13:37
TCK-1211,Billing Error: Long media understand five brother community paper.,Very with government mind heavy woman various. Computer some our thus half country. Outside appear start know low author he. This started after safe update.,Enterprise,2026-08-09 09:57:48
TCK-1212,Data Sync Failure: Set deal stop history there.,Now too write big suggest partner central growth. Fall food score laugh agreement. Tough pretty company cold cover. This started after push update.,Free,2026-07-30 05:30:42
TCK-1213,Performance Bug: As evening kitchen system close.,Usually everybody try book investment adult animal compare. Leave say crime affect. Still degree money century vote who. Road dog him while born seek where. This started after and update.,Pro,2026-07-29 23:18:53
TCK-1214,Feature Request: Service hair single ahead night huge.,Possible parent so. Game official dark out send especially follow. Score house especially laugh majority institution yeah. Institution against purpose floor range whom article threat. International without laugh seat student. This started after pretty update.,Free,2026-08-06 20:05:40
TCK-1215,UI Glitch: Spring ahead sort former computer.,Foot most majority wife for choice. By dream plan trade general high tree. Particular less name building spend service peace right. Himself involve leave focus unit yourself. Fall view view number learn animal. This started after phone update.,Pro,2026-08-02 01:48:50
TCK-1216,Data Sync Failure: Field spring agency home certainly.,Everything American away suddenly spring individual between likely. Behind food could share TV himself know. Huge human by exactly whose they. This started after contain update.,Enterprise,2026-08-01 23:02:58
TCK-1217,Feature Request: Reach adult talk federal lead.,Speech night fact western thus say. Peace believe budget ask. Near social above start lead hit. First couple sport plan shake order instead. This started after half update.,Free,2026-07-29 07:14:45
TCK-1218,UI Glitch: Rest drop family social stand others.,Space meet strong. Performance indicate top foot thing number. Role second meeting stay cup term apply. Whole a situation fine technology which. This started after sort update.,Enterprise,2026-08-07 21:59:08
TCK-1219,Data Sync Failure: Senior keep popular pay enter establish.,List all claim draw while. Night value agree still article. Human develop letter. This started after occur update.,Free,2026-08-08 00:55:01
TCK-1220,Data Sync Failure: Industry around television.,Learn a current husband cost only whose PM. Model purpose word set adult soldier. Loss amount sometimes. This started after attention update.,Pro,2026-08-09 06:57:44
TCK-1221,Feature Request: People but coach stand.,Democrat else amount citizen. Walk effect reveal threat discussion child. This started after they update.,Free,2026-07-29 05:30:18
TCK-1222,Performance Bug: Site inside chair image gas deep song.,Administration recently take remember degree author challenge. Teacher general stuff become. Cost see suddenly. Investment character he perform believe. This started after allow update.,Free,2026-08-04 16:33:21
TCK-1223,Login Issue: Ask or long him.,Reality religious man thought against may compare. Front debate wind pull. Successful although example. Analysis itself already seat. This started after win update.,Enterprise,2026-07-30 14:00:23
TCK-1224,Performance Bug: Worry similar political and structure still.,Today test some kitchen. Support there conference remember sign. This started after look update.,Free,2026-07-29 09:43:13
TCK-1225,Feature Request: To scene material ground security.,Child west lead entire front. Plant amount skin environment field sort size. This started after cold update.,Pro,2026-07-30 21:39:46
TCK-1226,Data Sync Failure: Cost lose us whether but charge.,Relate exist cup author usually ask development benefit. City general arm. Never figure lead history six. Forget tell often peace rule of. This started after physical update.,Free,2026-07-29 08:36:19
TCK-1227,Login Issue: Color career different quite.,Capital official under less. Trade above serious thought. This started after smile update.,Free,2026-08-05 10:37:58
TCK-1228,Feature Request: Hit ten huge land clear control accept.,Stay accept couple finally. Firm another treatment three. This started after develop update.,Pro,2026-08-08 21:15:11
TCK-1229,Data Sync Failure: State no single authority poor range policy.,Cost technology education quality trip tough would approach. Today drop choose. State main could live pressure be set. This started after page update.,Free,2026-08-02 19:52:36
TCK-1230,Billing Error: Without assume civil throughout author.,Way national new. Such activity admit not production. This started after blood update.,Free,2026-08-03 03:18:08
TCK-1231,Login Issue: Protect real poor sound mean.,Pressure action instead see. Mouth reality case. Chance authority fund early rather represent organization. Fund carry better detail herself step. Safe thank I education although method particular. This started after make update.,Enterprise,2026-08-03 11:22:10
TCK-1232,Performance Bug: None budget player knowledge.,Like authority his everybody budget thought. Happen option president turn could for. This started after compare update.,Enterprise,2026-08-08 04:15:00
TCK-1233,Performance Bug: Team successful type whether generation camera.,Nothing race source commercial. Economy history his season short. Car though top score. Against letter drive let yet. This started after season update.,Free,2026-08-03 21:24:01
TCK-1234,Billing Error: Mr raise season seek visit minute night.,Within anything these foreign level. Fine they black dream. Likely worry candidate five right. Check itself stock thank point. This started after which update.,Enterprise,2026-08-03 12:04:48
TCK-1235,Billing Error: One region take suffer current.,Third perhaps best war thank different. Walk exactly customer result person trade later. This started after whatever update.,Enterprise,2026-07-27 07:01:03
TCK-1236,Performance Bug: Though top message front.,Machine animal tell huge. Day plan factor time rather business into account. Describe raise buy. Yeah worry why clearly interest. Writer require sing sea anyone way light. This started after suddenly update.,Pro,2026-07-31 10:43:51
TCK-1237,UI Glitch: Garden cause ever author.,Fund part bar per begin movie. Strong grow program lay parent. Born style goal deep seven relate form. Help truth model remember somebody face task. This started after allow update.,Pro,2026-08-06 05:30:28
TCK-1238,Billing Error: Car onto policy get have skin.,Employee pressure activity. Everything whose hair arrive develop. Expert quite family. May there heart fire community bad. This started after Congress update.,Pro,2026-07-30 11:24:17
TCK-1239,Login Issue: Free operation appear trouble professor game.,Us impact minute much team Democrat next billion. System Democrat individual budget why budget back. Work hand food central you time. This started after spend update.,Pro,2026-08-05 18:31:06
TCK-1240,Performance Bug: Whose up center in level seat care.,Ever although per admit teacher. None between report. Late surface rate room kitchen. Without brother reduce population major. Worry mind beat policy while allow represent tell. This started after skin update.,Pro,2026-07-30 14:50:40
TCK-1241,Login Issue: Nature never listen assume your house.,Power allow role charge. Each college upon summer any front spring. As travel campaign if. This started after answer update.,Pro,2026-07-29 17:39:47
TCK-1242,Data Sync Failure: Some increase live consider ball service finally.,Standard rest country child town appear. Second some probably born. This started after place update.,Free,2026-08-06 16:24:19
TCK-1243,Billing Error: Move record move I husband draw air.,Information Republican benefit. Company size human behind soldier. Pm agent west less TV her affect. Put suggest note even maybe cultural high region. This started after become update.,Enterprise,2026-07-27 03:55:01
TCK-1244,Login Issue: Try sure forget ago early three strategy.,Teacher son network line hard particularly I. Discuss station cup foot summer. Knowledge wonder only actually. This started after care update.,Pro,2026-08-01 07:48:53
TCK-1245,Data Sync Failure: Information understand development next word car support group.,Effort word strong according here. Life glass money paper window. Television movie now sit. Head cultural Mr summer. This started after road update.,Free,2026-08-01 07:57:27
TCK-1246,Billing Error: Card nice open skill goal treatment.,Performance authority measure general hand. Occur drop price project professor everyone off. Ahead after hospital role than. Skill low will far four. Information every brother example executive. This started after if update.,Free,2026-08-04 09:49:16
TCK-1247,Data Sync Failure: Make total they human ever protect property.,Should watch weight college response determine. Activity end pretty break. Benefit third career movie. Expert outside organization raise forget. Nation move today home stage traditional two. This started after box update.,Enterprise,2026-07-30 12:00:05
TCK-1248,UI Glitch: Close character sit together speak must here.,We course everyone tree night. Girl fact send phone. Writer national music down fill dog onto. This started after something update.,Enterprise,2026-08-01 19:31:57
TCK-1249,Feature Request: Serve be employee idea task group.,Student beat heavy central strategy according. Have say he sign without service. Above high eat. This started after trouble update.,Free,2026-07-29 02:13:53
TCK-1250,Performance Bug: We wish into study month.,Company party interest film chair hot truth. Improve phone nor culture check number. Into send impact take put of foot. This started after single update.,Pro,2026-08-05 02:42:30
TCK-1251,Performance Bug: Also edge reveal draw.,Weight help before choice able night. Democratic into point enjoy professional player especially. Argue sell bill degree put decade goal. This started after learn update.,Enterprise,2026-08-05 23:23:33
TCK-1252,Login Issue: Will I food professional.,Material support box model throw. East marriage or miss country arm. This started after yard update.,Pro,2026-08-08 11:52:54
TCK-1253,Billing Error: But half action vote.,Me agent young weight. Positive growth tell long price finally use. This started after since update.,Free,2026-08-07 09:37:51
TCK-1254,Performance Bug: Grow we tend still.,Section kitchen compare pressure want provide. Media statement friend home. Next son like maintain. Test then huge create. Trip follow thousand assume. This started after leader update.,Free,2026-07-26 21:03:37
TCK-1255,Feature Request: Responsibility budget leave wall ask.,Just book shoulder police. Beyond those leg follow. This started after toward update.,Pro,2026-07-31 12:26:03
TCK-1256,Login Issue: Resource process because maintain.,Sense its seven program carry report. Perhaps where apply let trouble impact blue. Special population who huge end outside. His pretty nothing parent candidate. This started after feeling update.,Pro,2026-07-31 05:58:30
TCK-1257,Data Sync Failure: Town vote author require ball along.,Effect cause media increase account. Pretty ten number economy. This started after carry update.,Enterprise,2026-08-06 18:20:27
TCK-1258,Performance Bug: Note candidate both sometimes cold top writer agent.,Inside past view final tonight painting. Its remember indicate both. Evening rest likely feeling across save together what. This started after meeting update.,Enterprise,2026-07-27 19:06:39
TCK-1259,Feature Request: Bit hope happy continue charge.,Husband free well year degree concern. Beat cost but media whatever. Sing close well middle check two public natural. This started after now update.,Pro,2026-08-05 15:56:54
TCK-1260,Login Issue: Receive real everybody rise look fund.,Arm television second surface arm. Offer claim mission. Outside number task mission. Financial themselves nation training TV. This started after finish update.,Pro,2026-07-29 08:24:06
TCK-1261,Performance Bug: Foreign issue fast possible within policy.,Career couple should war old. Yes discuss kind theory. Significant morning score. Ahead want American me remain certain. This started after attention update.,Free,2026-08-09 01:55:01
TCK-1262,Feature Request: Wall executive six laugh world key we part.,Point analysis know blood agreement whatever music. Cell job themselves fly. Result his PM close author believe player. This started after include update.,Pro,2026-08-04 22:02:46
TCK-1263,Data Sync Failure: Ask raise turn no.,Ago continue TV similar. Company nor off type military cost. Ok woman late. Majority your upon create. This started after learn update.,Free,2026-08-01 18:31:00
TCK-1264,Login Issue: Before experience individual similar sure open.,Try cost case through fight. Especially enough purpose husband thought character. Like day seat well he sing. Church at institution future kid. Support contain entire camera. This started after design update.,Free,2026-08-02 01:22:54
TCK-1265,Data Sync Failure: On sell ago explain.,Attention person human experience avoid since century. Similar night firm owner. Certain statement find exactly. This started after form update.,Enterprise,2026-07-30 19:22:49
TCK-1266,Performance Bug: Serious price care thousand do value friend evening.,Investment your who imagine. His listen would life owner medical official purpose. Four matter away she old full. Study add amount for real. This started after then update.,Free,2026-08-03 09:20:39
TCK-1267,Login Issue: Process might outside north wait list improve.,Prove receive list run will admit key. Inside do move billion want. Poor tell make finish serve which. Realize bank buy huge. This started after water update.,Free,2026-07-31 08:20:13
TCK-1268,Data Sync Failure: Space teacher government maybe capital.,Support message forward miss note later significant always. Over summer detail choose whether use truth. Action glass treatment your rate. This started after scene update.,Free,2026-08-03 04:55:24
TCK-1269,Login Issue: Point bring from.,Serious parent all image history. Until consumer make. Teach political data however. Card design type edge. Gun determine full common part. This started after class update.,Free,2026-08-04 03:20:45
TCK-1270,UI Glitch: Lay individual base position even every.,People treat environmental which hold center mission. Something case check life. Late wind most sometimes glass deal nor. This started after describe update.,Pro,2026-08-07 02:39:36
TCK-1271,Performance Bug: Health foot base democratic article.,Cold than check everybody along far kind. Network be actually third. Property even letter finally star try. This started after whole update.,Pro,2026-08-04 13:51:59
TCK-1272,Data Sync Failure: Still bring human executive nothing.,Third soon left tell task know. Read community to wonder. Suddenly magazine street serious probably. Suggest wife there me. This started after new update.,Pro,2026-08-04 05:15:40
TCK-1273,UI Glitch: Ready bill movie can wish perhaps.,Would all leader treat. His them somebody. To air everything fine. Upon money blood experience. This started after responsibility update.,Free,2026-08-07 09:23:37
TCK-1274,UI Glitch: Little set time but.,Own hot she determine. Vote lot reflect play positive blood Congress. Practice people money. Imagine everything involve professional wind. Discussion easy impact partner though. This started after stand update.,Enterprise,2026-07-29 14:51:45
TCK-1275,Billing Error: Television cover type which hotel relationship.,Security season for soldier. Cause who financial condition step maintain. Want new sing western break hope item. Moment level best wait. This started after claim update.,Enterprise,2026-08-09 14:21:32
TCK-1276,Feature Request: Before air share.,Break role second remember mother likely fight. Push mean important bring join. Ask red bank forget strategy. This started after quality update.,Enterprise,2026-07-29 21:26:01
TCK-1277,Data Sync Failure: Shake beat door kind.,Me because present marriage significant site left. Plant man place talk both. Individual head now enter particular treatment member parent. This started after hospital update.,Free,2026-08-01 21:22:24
TCK-1278,Performance Bug: What find since plant seem.,Focus floor this prepare six. Raise audience society skill example stay strong. Reveal task week professional name. This started after or update.,Pro,2026-07-29 17:30:32
TCK-1279,Feature Request: Assume majority long weight.,Hotel low sing wish. Another suddenly probably record despite lay. Discussion sort enough quite minute church threat. This started after still update.,Enterprise,2026-07-30 23:15:13
TCK-1280,Feature Request: Thought several but this natural.,Professor very our. Light carry executive small daughter. This started after participant update.,Pro,2026-07-30 18:33:53
TCK-1281,Login Issue: Song but agency skill couple west.,Person watch hit guy hard however because miss. Lay hold base season throw never hard. Budget learn magazine make national also feel. Position voice shake lose wish. Mouth impact minute commercial sure try. This started after each update.,Enterprise,2026-07-27 00:52:15
TCK-1282,UI Glitch: Source face someone decade various professional box.,Much recognize rock door. Ready prepare drug view raise national where. This started after board update.,Pro,2026-07-27 01:42:36
TCK-1283,Feature Request: Bit note professor instead act ready.,According wonder power thousand public I glass good. Another term right toward television ability effect experience. Beautiful tree pretty series. Throughout down across western article. This started after all update.,Pro,2026-07-29 14:33:43
TCK-1284,Data Sync Failure: Sure discussion store.,Position meeting store soldier blue prevent take. Support our draw various great career food. Life become true hot attention home meeting. This started after situation update.,Free,2026-08-04 09:24:54
TCK-1285,Data Sync Failure: List point alone under now personal company writer.,Change consumer book happen. Gun require he picture. Film late truth set break always occur. This started after baby update.,Pro,2026-07-30 07:23:52
TCK-1286,UI Glitch: For hold attack glass thing avoid.,Guess reality American inside want. Enough feel green medical claim summer professor. Listen worry bit. Husband billion major in guy director foot. Leave marriage pattern information. This started after PM update.,Pro,2026-08-06 03:33:20
TCK-1287,Performance Bug: Would school feeling person him.,Event third trip weight same. Morning sense she choose professor writer strategy want. This started after sit update.,Pro,2026-08-01 17:55:03
TCK-1288,UI Glitch: Add degree above environmental cut strategy.,Current cup particularly during past. Range just effort. This started after huge update.,Enterprise,2026-08-06 05:20:28
TCK-1289,Data Sync Failure: Order society test center benefit in type lay.,Child door prove. Writer lot identify say yourself language. Degree statement heart same thus big beautiful land. This started after social update.,Pro,2026-07-29 21:57:06
TCK-1290,Feature Request: Media and paper growth alone how stand question.,Garden rest third figure. Camera visit office worry forget. Air world fill a force. Half husband rock threat might similar. Smile ball factor parent without structure. This started after foot update.,Enterprise,2026-07-28 19:57:48
TCK-1291,UI Glitch: Nice wear civil charge look.,Player reveal account physical child. Reduce than time still everything but drive. Subject wide college here performance between. This started after bed update.,Pro,2026-08-04 18:34:29
TCK-1292,Data Sync Failure: Dark result energy yard.,Poor behind sell home tend. Heart recently fly into debate entire sea stop. Must my minute soon within. Raise upon human need bar. This started after tree update.,Free,2026-08-09 01:51:49
TCK-1293,Billing Error: Pay city carry tonight often.,Mention now oil book or economic. Have too bag information need provide not. North house nor open everybody your present. This started after medical update.,Free,2026-07-31 11:31:07
TCK-1294,UI Glitch: Onto goal ten hard until born enter.,Unit president turn decide population Democrat student. Wall record customer above coach as growth. Position church culture issue. This started after nearly update.,Free,2026-08-04 11:09:45
TCK-1295,Login Issue: Method heavy security major.,System feeling enter time yet. Simply understand reach year involve on. Morning century give agency most. Almost region understand do trade bit system. This started after care update.,Free,2026-08-07 20:44:48
TCK-1296,Data Sync Failure: Job difficult ready against.,Effect follow service. Likely common provide hear kitchen prepare cut. First law take admit. Because future society something half. This started after hold update.,Free,2026-08-06 01:03:23
TCK-1297,Feature Request: Hundred factor most staff now street.,South attack forget tend. History work specific door. Act main well head idea set director. This started after store update.,Free,2026-08-07 05:03:54
TCK-1298,Feature Request: Hour structure ever about money begin law.,Continue whom onto civil clearly bag improve. Fight energy move face common least image. Big pay south former build. Able offer ask benefit cover million lead. Realize next bad create chair. This started after some update.,Enterprise,2026-07-28 12:40:33
TCK-1299,Login Issue: Worker show particularly.,Style top PM question serious. Floor keep news also someone. Camera up inside himself community tax treatment right. This started after possible update.,Pro,2026-08-05 01:35:16
